Purchasing Document,Item,Supplier,Material,Plant,Storage Location,Order Quantity,Order Unit,Net Order Price,Price Unit,Net Order Value,Conditions Not Applied Percentage,YDRG,YDRG Value,YSTD,YSTD Value,YAAS,YAAS Value,YADV,YADV Value,YAMS,YAMS Value,YDAS,YDAS Value,YDSP,YDSP Value,YCSR,YCSR Value,YPRO,YPRO Value,YTOP,YTOP Value,YHVK,YHVK Value,YECM,YECM Value,YDRW,YDRW Value,YSWL,YSWL Value,YLOY,YLOY Value,YSPC,YSPC Value,YDRK,YDRK Value,Total Value 
4103515694,10,4798,850012430,W941,SL89,12,EA,917.0,1,11004.0,"YDRG - -3.2%, YSTD - -2.0%",-3.2%,-352.128,-2.0%,-220.08,0,0.0,0,0.0,0,0.0,0,0.0,0,0.0,0,0.0,0,0.0,0,0.0,0,0.0,0,0,0,0.0,0,0.0,0,0.0,0,0.0,0,0.0,-572.208
4103515694,20,4798,850008302,W941,SL89,4,EA,800.0,1,3200.0,"YDRG - -3.2%, YSTD - -2.0%",-3.2%,-102.4,-2.0%,-64.0,0,0.0,0,0.0,0,0.0,0,0.0,0,0.0,0,0.0,0,0.0,0,0.0,0,0.0,0,0,0,0.0,0,0.0,0,0.0,0,0.0,0,0.0,-166.4
4103515694,30,4798,735045,W941,SL89,3,EA,1160.0,1,3480.0,"YDRG - -3.2%, YSTD - -2.0%",-3.2%,-111.36,-2.0%,-69.60000000000001,0,0.0,0,0.0,0,0.0,0,0.0,0,0.0,0,0.0,0,0.0,0,0.0,0,0.0,0,0,0,0.0,0,0.0,0,0.0,0,0.0,0,0.0,-180.96
4103516658,10,20,850032917001,G041,SL01,1,CS,12.73,1,190.95,"YGRW - -0.5%, YSTD - -6.5%",0,0.0,-6.5%,-12.41175,0,0.0,0,0.0,0,0.0,0,0.0,0,0.0,0,0.0,0,0.0,0,0.0,0,0.0,0,0,0,0.0,0,0.0,0,0.0,0,0.0,0,0.0,-12.41175
4103516681,10,20,850032917002,G092,SL01,1,CS,12.73,1,190.95,"YGRW - -0.5%, YSTD - -6.5%",0,0.0,-6.5%,-12.41175,0,0.0,0,0.0,0,0.0,0,0.0,0,0.0,0,0.0,0,0.0,0,0.0,0,0.0,0,0,0,0.0,0,0.0,0,0.0,0,0.0,0,0.0,-12.41175
4103516826,10,2074,850040362,G003,SL01,12,EA,450.0,1,450.0,YSTD - -5.46%,0,0.0,-5.46%,-24.57,0,0.0,0,0.0,0,0.0,0,0.0,0,0.0,0,0.0,0,0.0,0,0.0,0,0.0,0,0,0,0.0,0,0.0,0,0.0,0,0.0,0,0.0,-24.57
4103516826,20,2074,850040080,G003,SL01,6,EA,206.22,1,206.22,YSTD - -5.46%,0,0.0,-5.46%,-11.259612,0,0.0,0,0.0,0,0.0,0,0.0,0,0.0,0,0.0,0,0.0,0,0.0,0,0.0,0,0,0,0.0,0,0.0,0,0.0,0,0.0,0,0.0,-11.259612
4103516826,30,2074,850040102,G003,SL01,6,EA,280.26,1,280.26,YSTD - -5.46%,0,0.0,-5.46%,-15.302196,0,0.0,0,0.0,0,0.0,0,0.0,0,0.0,0,0.0,0,0.0,0,0.0,0,0.0,0,0,0,0.0,0,0.0,0,0.0,0,0.0,0,0.0,-15.302196
4103516826,40,2074,850040103,G003,SL01,4,EA,258.28,1,258.28,YSTD - -5.46%,0,0.0,-5.46%,-14.102087999999998,0,0.0,0,0.0,0,0.0,0,0.0,0,0.0,0,0.0,0,0.0,0,0.0,0,0.0,0,0,0,0.0,0,0.0,0,0.0,0,0.0,0,0.0,-14.102087999999998
4103516826,50,2074,850040125,G003,SL01,6,EA,277.2,1,277.2,YSTD - -5.46%,0,0.0,-5.46%,-15.13512,0,0.0,0,0.0,0,0.0,0,0.0,0,0.0,0,0.0,0,0.0,0,0.0,0,0.0,0,0,0,0.0,0,0.0,0,0.0,0,0.0,0,0.0,-15.13512
4103516826,60,2074,850040142,G003,SL01,6,EA,192.42,1,192.42,YSTD - -5.46%,0,0.0,-5.46%,-10.506132,0,0.0,0,0.0,0,0.0,0,0.0,0,0.0,0,0.0,0,0.0,0,0.0,0,0.0,0,0,0,0.0,0,0.0,0,0.0,0,0.0,0,0.0,-10.506132
4103516826,70,2074,850040143,G003,SL01,12,EA,319.56,1,319.56,YSTD - -5.46%,0,0.0,-5.46%,-17.447976,0,0.0,0,0.0,0,0.0,0,0.0,0,0.0,0,0.0,0,0.0,0,0.0,0,0.0,0,0,0,0.0,0,0.0,0,0.0,0,0.0,0,0.0,-17.447976
4103516826,80,2074,850040336,G003,SL01,12,EA,384.84,1,384.84,YSTD - -5.46%,0,0.0,-5.46%,-21.012264,0,0.0,0,0.0,0,0.0,0,0.0,0,0.0,0,0.0,0,0.0,0,0.0,0,0.0,0,0,0,0.0,0,0.0,0,0.0,0,0.0,0,0.0,-21.012264
4103516826,90,2074,850040361,G003,SL01,6,EA,290.22,1,290.22,YSTD - -5.46%,0,0.0,-5.46%,-15.846012000000002,0,0.0,0,0.0,0,0.0,0,0.0,0,0.0,0,0.0,0,0.0,0,0.0,0,0.0,0,0,0,0.0,0,0.0,0,0.0,0,0.0,0,0.0,-15.846012000000002
4103516826,100,2074,850040363,G003,SL01,6,EA,192.42,1,192.42,YSTD - -5.46%,0,0.0,-5.46%,-10.506132,0,0.0,0,0.0,0,0.0,0,0.0,0,0.0,0,0.0,0,0.0,0,0.0,0,0.0,0,0,0,0.0,0,0.0,0,0.0,0,0.0,0,0.0,-10.506132
4103516826,110,2074,850040372,G003,SL01,4,EA,280.44,1,280.44,YSTD - -5.46%,0,0.0,-5.46%,-15.312024000000001,0,0.0,0,0.0,0,0.0,0,0.0,0,0.0,0,0.0,0,0.0,0,0.0,0,0.0,0,0,0,0.0,0,0.0,0,0.0,0,0.0,0,0.0,-15.312024000000001
4103516826,120,2074,850040268001,G003,SL01,12,EA,319.56,1,319.56,YSTD - -5.46%,0,0.0,-5.46%,-17.447976,0,0.0,0,0.0,0,0.0,0,0.0,0,0.0,0,0.0,0,0.0,0,0.0,0,0.0,0,0,0,0.0,0,0.0,0,0.0,0,0.0,0,0.0,-17.447976
4103516826,130,2074,850040268002,G003,SL01,12,EA,319.56,1,319.56,YSTD - -5.46%,0,0.0,-5.46%,-17.447976,0,0.0,0,0.0,0,0.0,0,0.0,0,0.0,0,0.0,0,0.0,0,0.0,0,0.0,0,0,0,0.0,0,0.0,0,0.0,0,0.0,0,0.0,-17.447976
4103516826,140,2074,850040268003,G003,SL01,12,EA,319.56,1,319.56,YSTD - -5.46%,0,0.0,-5.46%,-17.447976,0,0.0,0,0.0,0,0.0,0,0.0,0,0.0,0,0.0,0,0.0,0,0.0,0,0.0,0,0,0,0.0,0,0.0,0,0.0,0,0.0,0,0.0,-17.447976
4103516826,150,2074,850040268004,G003,SL01,12,EA,319.56,1,319.56,YSTD - -5.46%,0,0.0,-5.46%,-17.447976,0,0.0,0,0.0,0,0.0,0,0.0,0,0.0,0,0.0,0,0.0,0,0.0,0,0.0,0,0,0,0.0,0,0.0,0,0.0,0,0.0,0,0.0,-17.447976
4103516827,10,2074,850040336,G007,SL01,12,EA,384.84,1,384.84,YSTD - -5.46%,0,0.0,-5.46%,-21.012264,0,0.0,0,0.0,0,0.0,0,0.0,0,0.0,0,0.0,0,0.0,0,0.0,0,0.0,0,0,0,0.0,0,0.0,0,0.0,0,0.0,0,0.0,-21.012264
4103516827,20,2074,850040143,G007,SL01,12,EA,319.56,1,319.56,YSTD - -5.46%,0,0.0,-5.46%,-17.447976,0,0.0,0,0.0,0,0.0,0,0.0,0,0.0,0,0.0,0,0.0,0,0.0,0,0.0,0,0,0,0.0,0,0.0,0,0.0,0,0.0,0,0.0,-17.447976
4103516827,30,2074,850040142,G007,SL01,6,EA,192.42,1,192.42,YSTD - -5.46%,0,0.0,-5.46%,-10.506132,0,0.0,0,0.0,0,0.0,0,0.0,0,0.0,0,0.0,0,0.0,0,0.0,0,0.0,0,0,0,0.0,0,0.0,0,0.0,0,0.0,0,0.0,-10.506132
4103516827,40,2074,850040125,G007,SL01,6,EA,277.2,1,277.2,YSTD - -5.46%,0,0.0,-5.46%,-15.13512,0,0.0,0,0.0,0,0.0,0,0.0,0,0.0,0,0.0,0,0.0,0,0.0,0,0.0,0,0,0,0.0,0,0.0,0,0.0,0,0.0,0,0.0,-15.13512
4103516827,50,2074,850040103,G007,SL01,4,EA,258.28,1,258.28,YSTD - -5.46%,0,0.0,-5.46%,-14.102087999999998,0,0.0,0,0.0,0,0.0,0,0.0,0,0.0,0,0.0,0,0.0,0,0.0,0,0.0,0,0,0,0.0,0,0.0,0,0.0,0,0.0,0,0.0,-14.102087999999998
4103516827,60,2074,850040102,G007,SL01,6,EA,280.26,1,280.26,YSTD - -5.46%,0,0.0,-5.46%,-15.302196,0,0.0,0,0.0,0,0.0,0,0.0,0,0.0,0,0.0,0,0.0,0,0.0,0,0.0,0,0,0,0.0,0,0.0,0,0.0,0,0.0,0,0.0,-15.302196
4103516827,70,2074,850040080,G007,SL01,6,EA,206.22,1,206.22,YSTD - -5.46%,0,0.0,-5.46%,-11.259612,0,0.0,0,0.0,0,0.0,0,0.0,0,0.0,0,0.0,0,0.0,0,0.0,0,0.0,0,0,0,0.0,0,0.0,0,0.0,0,0.0,0,0.0,-11.259612
4103516827,80,2074,850040268004,G007,SL01,12,EA,319.56,1,319.56,YSTD - -5.46%,0,0.0,-5.46%,-17.447976,0,0.0,0,0.0,0,0.0,0,0.0,0,0.0,0,0.0,0,0.0,0,0.0,0,0.0,0,0,0,0.0,0,0.0,0,0.0,0,0.0,0,0.0,-17.447976
4103516827,90,2074,850040268003,G007,SL01,12,EA,319.56,1,319.56,YSTD - -5.46%,0,0.0,-5.46%,-17.447976,0,0.0,0,0.0,0,0.0,0,0.0,0,0.0,0,0.0,0,0.0,0,0.0,0,0.0,0,0,0,0.0,0,0.0,0,0.0,0,0.0,0,0.0,-17.447976
4103516827,100,2074,850040268002,G007,SL01,12,EA,319.56,1,319.56,YSTD - -5.46%,0,0.0,-5.46%,-17.447976,0,0.0,0,0.0,0,0.0,0,0.0,0,0.0,0,0.0,0,0.0,0,0.0,0,0.0,0,0,0,0.0,0,0.0,0,0.0,0,0.0,0,0.0,-17.447976
4103516827,110,2074,850040268001,G007,SL01,12,EA,319.56,1,319.56,YSTD - -5.46%,0,0.0,-5.46%,-17.447976,0,0.0,0,0.0,0,0.0,0,0.0,0,0.0,0,0.0,0,0.0,0,0.0,0,0.0,0,0,0,0.0,0,0.0,0,0.0,0,0.0,0,0.0,-17.447976
4103516827,120,2074,850040372,G007,SL01,4,EA,280.44,1,280.44,YSTD - -5.46%,0,0.0,-5.46%,-15.312024000000001,0,0.0,0,0.0,0,0.0,0,0.0,0,0.0,0,0.0,0,0.0,0,0.0,0,0.0,0,0,0,0.0,0,0.0,0,0.0,0,0.0,0,0.0,-15.312024000000001
4103516827,130,2074,850040363,G007,SL01,6,EA,192.42,1,192.42,YSTD - -5.46%,0,0.0,-5.46%,-10.506132,0,0.0,0,0.0,0,0.0,0,0.0,0,0.0,0,0.0,0,0.0,0,0.0,0,0.0,0,0,0,0.0,0,0.0,0,0.0,0,0.0,0,0.0,-10.506132
4103516827,140,2074,850040362,G007,SL01,12,EA,450.0,1,450.0,YSTD - -5.46%,0,0.0,-5.46%,-24.57,0,0.0,0,0.0,0,0.0,0,0.0,0,0.0,0,0.0,0,0.0,0,0.0,0,0.0,0,0,0,0.0,0,0.0,0,0.0,0,0.0,0,0.0,-24.57
4103516827,150,2074,850040361,G007,SL01,6,EA,290.22,1,290.22,YSTD - -5.46%,0,0.0,-5.46%,-15.846012000000002,0,0.0,0,0.0,0,0.0,0,0.0,0,0.0,0,0.0,0,0.0,0,0.0,0,0.0,0,0,0,0.0,0,0.0,0,0.0,0,0.0,0,0.0,-15.846012000000002
4103516828,10,2074,850040268004,G008,SL01,12,EA,319.56,1,319.56,YSTD - -5.46%,0,0.0,-5.46%,-17.447976,0,0.0,0,0.0,0,0.0,0,0.0,0,0.0,0,0.0,0,0.0,0,0.0,0,0.0,0,0,0,0.0,0,0.0,0,0.0,0,0.0,0,0.0,-17.447976
4103516828,20,2074,850040268003,G008,SL01,12,EA,319.56,1,319.56,YSTD - -5.46%,0,0.0,-5.46%,-17.447976,0,0.0,0,0.0,0,0.0,0,0.0,0,0.0,0,0.0,0,0.0,0,0.0,0,0.0,0,0,0,0.0,0,0.0,0,0.0,0,0.0,0,0.0,-17.447976
4103516828,30,2074,850040268002,G008,SL01,12,EA,319.56,1,319.56,YSTD - -5.46%,0,0.0,-5.46%,-17.447976,0,0.0,0,0.0,0,0.0,0,0.0,0,0.0,0,0.0,0,0.0,0,0.0,0,0.0,0,0,0,0.0,0,0.0,0,0.0,0,0.0,0,0.0,-17.447976
4103516828,40,2074,850040268001,G008,SL01,12,EA,319.56,1,319.56,YSTD - -5.46%,0,0.0,-5.46%,-17.447976,0,0.0,0,0.0,0,0.0,0,0.0,0,0.0,0,0.0,0,0.0,0,0.0,0,0.0,0,0,0,0.0,0,0.0,0,0.0,0,0.0,0,0.0,-17.447976
4103516828,50,2074,850040372,G008,SL01,4,EA,280.44,1,280.44,YSTD - -5.46%,0,0.0,-5.46%,-15.312024000000001,0,0.0,0,0.0,0,0.0,0,0.0,0,0.0,0,0.0,0,0.0,0,0.0,0,0.0,0,0,0,0.0,0,0.0,0,0.0,0,0.0,0,0.0,-15.312024000000001
4103516828,60,2074,850040363,G008,SL01,6,EA,192.42,1,192.42,YSTD - -5.46%,0,0.0,-5.46%,-10.506132,0,0.0,0,0.0,0,0.0,0,0.0,0,0.0,0,0.0,0,0.0,0,0.0,0,0.0,0,0,0,0.0,0,0.0,0,0.0,0,0.0,0,0.0,-10.506132
4103516828,70,2074,850040362,G008,SL01,12,EA,450.0,1,450.0,YSTD - -5.46%,0,0.0,-5.46%,-24.57,0,0.0,0,0.0,0,0.0,0,0.0,0,0.0,0,0.0,0,0.0,0,0.0,0,0.0,0,0,0,0.0,0,0.0,0,0.0,0,0.0,0,0.0,-24.57
4103516828,80,2074,850040361,G008,SL01,6,EA,290.22,1,290.22,YSTD - -5.46%,0,0.0,-5.46%,-15.846012000000002,0,0.0,0,0.0,0,0.0,0,0.0,0,0.0,0,0.0,0,0.0,0,0.0,0,0.0,0,0,0,0.0,0,0.0,0,0.0,0,0.0,0,0.0,-15.846012000000002
4103516828,90,2074,850040336,G008,SL01,12,EA,384.84,1,384.84,YSTD - -5.46%,0,0.0,-5.46%,-21.012264,0,0.0,0,0.0,0,0.0,0,0.0,0,0.0,0,0.0,0,0.0,0,0.0,0,0.0,0,0,0,0.0,0,0.0,0,0.0,0,0.0,0,0.0,-21.012264
4103516828,100,2074,850040143,G008,SL01,12,EA,319.56,1,319.56,YSTD - -5.46%,0,0.0,-5.46%,-17.447976,0,0.0,0,0.0,0,0.0,0,0.0,0,0.0,0,0.0,0,0.0,0,0.0,0,0.0,0,0,0,0.0,0,0.0,0,0.0,0,0.0,0,0.0,-17.447976
4103516828,110,2074,850040142,G008,SL01,6,EA,192.42,1,192.42,YSTD - -5.46%,0,0.0,-5.46%,-10.506132,0,0.0,0,0.0,0,0.0,0,0.0,0,0.0,0,0.0,0,0.0,0,0.0,0,0.0,0,0,0,0.0,0,0.0,0,0.0,0,0.0,0,0.0,-10.506132
4103516828,120,2074,850040125,G008,SL01,6,EA,277.2,1,277.2,YSTD - -5.46%,0,0.0,-5.46%,-15.13512,0,0.0,0,0.0,0,0.0,0,0.0,0,0.0,0,0.0,0,0.0,0,0.0,0,0.0,0,0,0,0.0,0,0.0,0,0.0,0,0.0,0,0.0,-15.13512
4103516828,130,2074,850040103,G008,SL01,4,EA,258.28,1,258.28,YSTD - -5.46%,0,0.0,-5.46%,-14.102087999999998,0,0.0,0,0.0,0,0.0,0,0.0,0,0.0,0,0.0,0,0.0,0,0.0,0,0.0,0,0,0,0.0,0,0.0,0,0.0,0,0.0,0,0.0,-14.102087999999998
4103516828,140,2074,850040102,G008,SL01,6,EA,280.26,1,280.26,YSTD - -5.46%,0,0.0,-5.46%,-15.302196,0,0.0,0,0.0,0,0.0,0,0.0,0,0.0,0,0.0,0,0.0,0,0.0,0,0.0,0,0,0,0.0,0,0.0,0,0.0,0,0.0,0,0.0,-15.302196
4103516828,150,2074,850040080,G008,SL01,6,EA,206.22,1,206.22,YSTD - -5.46%,0,0.0,-5.46%,-11.259612,0,0.0,0,0.0,0,0.0,0,0.0,0,0.0,0,0.0,0,0.0,0,0.0,0,0.0,0,0,0,0.0,0,0.0,0,0.0,0,0.0,0,0.0,-11.259612
4103516829,10,2074,850040080,G010,SL01,6,EA,206.22,1,206.22,YSTD - -5.46%,0,0.0,-5.46%,-11.259612,0,0.0,0,0.0,0,0.0,0,0.0,0,0.0,0,0.0,0,0.0,0,0.0,0,0.0,0,0,0,0.0,0,0.0,0,0.0,0,0.0,0,0.0,-11.259612
4103516829,20,2074,850040102,G010,SL01,6,EA,280.26,1,280.26,YSTD - -5.46%,0,0.0,-5.46%,-15.302196,0,0.0,0,0.0,0,0.0,0,0.0,0,0.0,0,0.0,0,0.0,0,0.0,0,0.0,0,0,0,0.0,0,0.0,0,0.0,0,0.0,0,0.0,-15.302196
4103516829,30,2074,850040103,G010,SL01,4,EA,258.28,1,258.28,YSTD - -5.46%,0,0.0,-5.46%,-14.102087999999998,0,0.0,0,0.0,0,0.0,0,0.0,0,0.0,0,0.0,0,0.0,0,0.0,0,0.0,0,0,0,0.0,0,0.0,0,0.0,0,0.0,0,0.0,-14.102087999999998
4103516829,40,2074,850040125,G010,SL01,6,EA,277.2,1,277.2,YSTD - -5.46%,0,0.0,-5.46%,-15.13512,0,0.0,0,0.0,0,0.0,0,0.0,0,0.0,0,0.0,0,0.0,0,0.0,0,0.0,0,0,0,0.0,0,0.0,0,0.0,0,0.0,0,0.0,-15.13512
4103516829,50,2074,850040142,G010,SL01,6,EA,192.42,1,192.42,YSTD - -5.46%,0,0.0,-5.46%,-10.506132,0,0.0,0,0.0,0,0.0,0,0.0,0,0.0,0,0.0,0,0.0,0,0.0,0,0.0,0,0,0,0.0,0,0.0,0,0.0,0,0.0,0,0.0,-10.506132
4103516829,60,2074,850040143,G010,SL01,12,EA,319.56,1,319.56,YSTD - -5.46%,0,0.0,-5.46%,-17.447976,0,0.0,0,0.0,0,0.0,0,0.0,0,0.0,0,0.0,0,0.0,0,0.0,0,0.0,0,0,0,0.0,0,0.0,0,0.0,0,0.0,0,0.0,-17.447976
4103516829,70,2074,850040336,G010,SL01,12,EA,384.84,1,384.84,YSTD - -5.46%,0,0.0,-5.46%,-21.012264,0,0.0,0,0.0,0,0.0,0,0.0,0,0.0,0,0.0,0,0.0,0,0.0,0,0.0,0,0,0,0.0,0,0.0,0,0.0,0,0.0,0,0.0,-21.012264
4103516829,80,2074,850040361,G010,SL01,6,EA,290.22,1,290.22,YSTD - -5.46%,0,0.0,-5.46%,-15.846012000000002,0,0.0,0,0.0,0,0.0,0,0.0,0,0.0,0,0.0,0,0.0,0,0.0,0,0.0,0,0,0,0.0,0,0.0,0,0.0,0,0.0,0,0.0,-15.846012000000002
4103516829,90,2074,850040362,G010,SL01,12,EA,450.0,1,450.0,YSTD - -5.46%,0,0.0,-5.46%,-24.57,0,0.0,0,0.0,0,0.0,0,0.0,0,0.0,0,0.0,0,0.0,0,0.0,0,0.0,0,0,0,0.0,0,0.0,0,0.0,0,0.0,0,0.0,-24.57
4103516829,100,2074,850040363,G010,SL01,6,EA,192.42,1,192.42,YSTD - -5.46%,0,0.0,-5.46%,-10.506132,0,0.0,0,0.0,0,0.0,0,0.0,0,0.0,0,0.0,0,0.0,0,0.0,0,0.0,0,0,0,0.0,0,0.0,0,0.0,0,0.0,0,0.0,-10.506132
4103516829,110,2074,850040372,G010,SL01,4,EA,280.44,1,280.44,YSTD - -5.46%,0,0.0,-5.46%,-15.312024000000001,0,0.0,0,0.0,0,0.0,0,0.0,0,0.0,0,0.0,0,0.0,0,0.0,0,0.0,0,0,0,0.0,0,0.0,0,0.0,0,0.0,0,0.0,-15.312024000000001
4103516829,120,2074,850040268001,G010,SL01,12,EA,319.56,1,319.56,YSTD - -5.46%,0,0.0,-5.46%,-17.447976,0,0.0,0,0.0,0,0.0,0,0.0,0,0.0,0,0.0,0,0.0,0,0.0,0,0.0,0,0,0,0.0,0,0.0,0,0.0,0,0.0,0,0.0,-17.447976
4103516829,130,2074,850040268002,G010,SL01,12,EA,319.56,1,319.56,YSTD - -5.46%,0,0.0,-5.46%,-17.447976,0,0.0,0,0.0,0,0.0,0,0.0,0,0.0,0,0.0,0,0.0,0,0.0,0,0.0,0,0,0,0.0,0,0.0,0,0.0,0,0.0,0,0.0,-17.447976
4103516829,140,2074,850040268003,G010,SL01,12,EA,319.56,1,319.56,YSTD - -5.46%,0,0.0,-5.46%,-17.447976,0,0.0,0,0.0,0,0.0,0,0.0,0,0.0,0,0.0,0,0.0,0,0.0,0,0.0,0,0,0,0.0,0,0.0,0,0.0,0,0.0,0,0.0,-17.447976
4103516829,150,2074,850040268004,G010,SL01,12,EA,319.56,1,319.56,YSTD - -5.46%,0,0.0,-5.46%,-17.447976,0,0.0,0,0.0,0,0.0,0,0.0,0,0.0,0,0.0,0,0.0,0,0.0,0,0.0,0,0,0,0.0,0,0.0,0,0.0,0,0.0,0,0.0,-17.447976
4103516830,10,2074,850040361,G016,SL01,6,EA,290.22,1,290.22,YSTD - -5.46%,0,0.0,-5.46%,-15.846012000000002,0,0.0,0,0.0,0,0.0,0,0.0,0,0.0,0,0.0,0,0.0,0,0.0,0,0.0,0,0,0,0.0,0,0.0,0,0.0,0,0.0,0,0.0,-15.846012000000002
4103516830,20,2074,850040362,G016,SL01,12,EA,450.0,1,450.0,YSTD - -5.46%,0,0.0,-5.46%,-24.57,0,0.0,0,0.0,0,0.0,0,0.0,0,0.0,0,0.0,0,0.0,0,0.0,0,0.0,0,0,0,0.0,0,0.0,0,0.0,0,0.0,0,0.0,-24.57
4103516830,30,2074,850040363,G016,SL01,6,EA,192.42,1,192.42,YSTD - -5.46%,0,0.0,-5.46%,-10.506132,0,0.0,0,0.0,0,0.0,0,0.0,0,0.0,0,0.0,0,0.0,0,0.0,0,0.0,0,0,0,0.0,0,0.0,0,0.0,0,0.0,0,0.0,-10.506132
4103516830,40,2074,850040372,G016,SL01,4,EA,280.44,1,280.44,YSTD - -5.46%,0,0.0,-5.46%,-15.312024000000001,0,0.0,0,0.0,0,0.0,0,0.0,0,0.0,0,0.0,0,0.0,0,0.0,0,0.0,0,0,0,0.0,0,0.0,0,0.0,0,0.0,0,0.0,-15.312024000000001
4103516830,50,2074,850040268001,G016,SL01,12,EA,319.56,1,319.56,YSTD - -5.46%,0,0.0,-5.46%,-17.447976,0,0.0,0,0.0,0,0.0,0,0.0,0,0.0,0,0.0,0,0.0,0,0.0,0,0.0,0,0,0,0.0,0,0.0,0,0.0,0,0.0,0,0.0,-17.447976
4103516830,60,2074,850040268002,G016,SL01,12,EA,319.56,1,319.56,YSTD - -5.46%,0,0.0,-5.46%,-17.447976,0,0.0,0,0.0,0,0.0,0,0.0,0,0.0,0,0.0,0,0.0,0,0.0,0,0.0,0,0,0,0.0,0,0.0,0,0.0,0,0.0,0,0.0,-17.447976
4103516830,70,2074,850040268003,G016,SL01,12,EA,319.56,1,319.56,YSTD - -5.46%,0,0.0,-5.46%,-17.447976,0,0.0,0,0.0,0,0.0,0,0.0,0,0.0,0,0.0,0,0.0,0,0.0,0,0.0,0,0,0,0.0,0,0.0,0,0.0,0,0.0,0,0.0,-17.447976
4103516830,80,2074,850040268004,G016,SL01,12,EA,319.56,1,319.56,YSTD - -5.46%,0,0.0,-5.46%,-17.447976,0,0.0,0,0.0,0,0.0,0,0.0,0,0.0,0,0.0,0,0.0,0,0.0,0,0.0,0,0,0,0.0,0,0.0,0,0.0,0,0.0,0,0.0,-17.447976
4103516830,90,2074,850040080,G016,SL01,6,EA,206.22,1,206.22,YSTD - -5.46%,0,0.0,-5.46%,-11.259612,0,0.0,0,0.0,0,0.0,0,0.0,0,0.0,0,0.0,0,0.0,0,0.0,0,0.0,0,0,0,0.0,0,0.0,0,0.0,0,0.0,0,0.0,-11.259612
4103516830,100,2074,850040102,G016,SL01,6,EA,280.26,1,280.26,YSTD - -5.46%,0,0.0,-5.46%,-15.302196,0,0.0,0,0.0,0,0.0,0,0.0,0,0.0,0,0.0,0,0.0,0,0.0,0,0.0,0,0,0,0.0,0,0.0,0,0.0,0,0.0,0,0.0,-15.302196
4103516830,110,2074,850040103,G016,SL01,4,EA,258.28,1,258.28,YSTD - -5.46%,0,0.0,-5.46%,-14.102087999999998,0,0.0,0,0.0,0,0.0,0,0.0,0,0.0,0,0.0,0,0.0,0,0.0,0,0.0,0,0,0,0.0,0,0.0,0,0.0,0,0.0,0,0.0,-14.102087999999998
4103516830,120,2074,850040125,G016,SL01,6,EA,277.2,1,277.2,YSTD - -5.46%,0,0.0,-5.46%,-15.13512,0,0.0,0,0.0,0,0.0,0,0.0,0,0.0,0,0.0,0,0.0,0,0.0,0,0.0,0,0,0,0.0,0,0.0,0,0.0,0,0.0,0,0.0,-15.13512
4103516830,130,2074,850040142,G016,SL01,6,EA,192.42,1,192.42,YSTD - -5.46%,0,0.0,-5.46%,-10.506132,0,0.0,0,0.0,0,0.0,0,0.0,0,0.0,0,0.0,0,0.0,0,0.0,0,0.0,0,0,0,0.0,0,0.0,0,0.0,0,0.0,0,0.0,-10.506132
4103516830,140,2074,850040143,G016,SL01,12,EA,319.56,1,319.56,YSTD - -5.46%,0,0.0,-5.46%,-17.447976,0,0.0,0,0.0,0,0.0,0,0.0,0,0.0,0,0.0,0,0.0,0,0.0,0,0.0,0,0,0,0.0,0,0.0,0,0.0,0,0.0,0,0.0,-17.447976
4103516830,150,2074,850040336,G016,SL01,12,EA,384.84,1,384.84,YSTD - -5.46%,0,0.0,-5.46%,-21.012264,0,0.0,0,0.0,0,0.0,0,0.0,0,0.0,0,0.0,0,0.0,0,0.0,0,0.0,0,0,0,0.0,0,0.0,0,0.0,0,0.0,0,0.0,-21.012264
4103516831,10,2074,850040268004,G017,SL01,12,EA,319.56,1,319.56,YSTD - -5.46%,0,0.0,-5.46%,-17.447976,0,0.0,0,0.0,0,0.0,0,0.0,0,0.0,0,0.0,0,0.0,0,0.0,0,0.0,0,0,0,0.0,0,0.0,0,0.0,0,0.0,0,0.0,-17.447976
4103516831,20,2074,850040268003,G017,SL01,12,EA,319.56,1,319.56,YSTD - -5.46%,0,0.0,-5.46%,-17.447976,0,0.0,0,0.0,0,0.0,0,0.0,0,0.0,0,0.0,0,0.0,0,0.0,0,0.0,0,0,0,0.0,0,0.0,0,0.0,0,0.0,0,0.0,-17.447976
4103516831,30,2074,850040268002,G017,SL01,12,EA,319.56,1,319.56,YSTD - -5.46%,0,0.0,-5.46%,-17.447976,0,0.0,0,0.0,0,0.0,0,0.0,0,0.0,0,0.0,0,0.0,0,0.0,0,0.0,0,0,0,0.0,0,0.0,0,0.0,0,0.0,0,0.0,-17.447976
4103516831,40,2074,850040268001,G017,SL01,12,EA,319.56,1,319.56,YSTD - -5.46%,0,0.0,-5.46%,-17.447976,0,0.0,0,0.0,0,0.0,0,0.0,0,0.0,0,0.0,0,0.0,0,0.0,0,0.0,0,0,0,0.0,0,0.0,0,0.0,0,0.0,0,0.0,-17.447976
4103516831,50,2074,850040372,G017,SL01,4,EA,280.44,1,280.44,YSTD - -5.46%,0,0.0,-5.46%,-15.312024000000001,0,0.0,0,0.0,0,0.0,0,0.0,0,0.0,0,0.0,0,0.0,0,0.0,0,0.0,0,0,0,0.0,0,0.0,0,0.0,0,0.0,0,0.0,-15.312024000000001
4103516831,60,2074,850040363,G017,SL01,6,EA,192.42,1,192.42,YSTD - -5.46%,0,0.0,-5.46%,-10.506132,0,0.0,0,0.0,0,0.0,0,0.0,0,0.0,0,0.0,0,0.0,0,0.0,0,0.0,0,0,0,0.0,0,0.0,0,0.0,0,0.0,0,0.0,-10.506132
4103516831,70,2074,850040362,G017,SL01,12,EA,450.0,1,450.0,YSTD - -5.46%,0,0.0,-5.46%,-24.57,0,0.0,0,0.0,0,0.0,0,0.0,0,0.0,0,0.0,0,0.0,0,0.0,0,0.0,0,0,0,0.0,0,0.0,0,0.0,0,0.0,0,0.0,-24.57
4103516831,80,2074,850040361,G017,SL01,6,EA,290.22,1,290.22,YSTD - -5.46%,0,0.0,-5.46%,-15.846012000000002,0,0.0,0,0.0,0,0.0,0,0.0,0,0.0,0,0.0,0,0.0,0,0.0,0,0.0,0,0,0,0.0,0,0.0,0,0.0,0,0.0,0,0.0,-15.846012000000002
4103516831,90,2074,850040336,G017,SL01,12,EA,384.84,1,384.84,YSTD - -5.46%,0,0.0,-5.46%,-21.012264,0,0.0,0,0.0,0,0.0,0,0.0,0,0.0,0,0.0,0,0.0,0,0.0,0,0.0,0,0,0,0.0,0,0.0,0,0.0,0,0.0,0,0.0,-21.012264
4103516831,100,2074,850040143,G017,SL01,12,EA,319.56,1,319.56,YSTD - -5.46%,0,0.0,-5.46%,-17.447976,0,0.0,0,0.0,0,0.0,0,0.0,0,0.0,0,0.0,0,0.0,0,0.0,0,0.0,0,0,0,0.0,0,0.0,0,0.0,0,0.0,0,0.0,-17.447976
4103516831,110,2074,850040142,G017,SL01,6,EA,192.42,1,192.42,YSTD - -5.46%,0,0.0,-5.46%,-10.506132,0,0.0,0,0.0,0,0.0,0,0.0,0,0.0,0,0.0,0,0.0,0,0.0,0,0.0,0,0,0,0.0,0,0.0,0,0.0,0,0.0,0,0.0,-10.506132
4103516831,120,2074,850040125,G017,SL01,6,EA,277.2,1,277.2,YSTD - -5.46%,0,0.0,-5.46%,-15.13512,0,0.0,0,0.0,0,0.0,0,0.0,0,0.0,0,0.0,0,0.0,0,0.0,0,0.0,0,0,0,0.0,0,0.0,0,0.0,0,0.0,0,0.0,-15.13512
4103516831,130,2074,850040103,G017,SL01,4,EA,258.28,1,258.28,YSTD - -5.46%,0,0.0,-5.46%,-14.102087999999998,0,0.0,0,0.0,0,0.0,0,0.0,0,0.0,0,0.0,0,0.0,0,0.0,0,0.0,0,0,0,0.0,0,0.0,0,0.0,0,0.0,0,0.0,-14.102087999999998
4103516831,140,2074,850040102,G017,SL01,6,EA,280.26,1,280.26,YSTD - -5.46%,0,0.0,-5.46%,-15.302196,0,0.0,0,0.0,0,0.0,0,0.0,0,0.0,0,0.0,0,0.0,0,0.0,0,0.0,0,0,0,0.0,0,0.0,0,0.0,0,0.0,0,0.0,-15.302196
4103516831,150,2074,850040080,G017,SL01,6,EA,206.22,1,206.22,YSTD - -5.46%,0,0.0,-5.46%,-11.259612,0,0.0,0,0.0,0,0.0,0,0.0,0,0.0,0,0.0,0,0.0,0,0.0,0,0.0,0,0,0,0.0,0,0.0,0,0.0,0,0.0,0,0.0,-11.259612
4103516832,10,2074,850040362,G018,SL01,12,EA,450.0,1,450.0,YSTD - -5.46%,0,0.0,-5.46%,-24.57,0,0.0,0,0.0,0,0.0,0,0.0,0,0.0,0,0.0,0,0.0,0,0.0,0,0.0,0,0,0,0.0,0,0.0,0,0.0,0,0.0,0,0.0,-24.57
4103516832,20,2074,850040363,G018,SL01,6,EA,192.42,1,192.42,YSTD - -5.46%,0,0.0,-5.46%,-10.506132,0,0.0,0,0.0,0,0.0,0,0.0,0,0.0,0,0.0,0,0.0,0,0.0,0,0.0,0,0,0,0.0,0,0.0,0,0.0,0,0.0,0,0.0,-10.506132
4103516832,30,2074,850040372,G018,SL01,4,EA,280.44,1,280.44,YSTD - -5.46%,0,0.0,-5.46%,-15.312024000000001,0,0.0,0,0.0,0,0.0,0,0.0,0,0.0,0,0.0,0,0.0,0,0.0,0,0.0,0,0,0,0.0,0,0.0,0,0.0,0,0.0,0,0.0,-15.312024000000001
4103516832,40,2074,850040268001,G018,SL01,12,EA,319.56,1,319.56,YSTD - -5.46%,0,0.0,-5.46%,-17.447976,0,0.0,0,0.0,0,0.0,0,0.0,0,0.0,0,0.0,0,0.0,0,0.0,0,0.0,0,0,0,0.0,0,0.0,0,0.0,0,0.0,0,0.0,-17.447976
4103516832,50,2074,850040268002,G018,SL01,12,EA,319.56,1,319.56,YSTD - -5.46%,0,0.0,-5.46%,-17.447976,0,0.0,0,0.0,0,0.0,0,0.0,0,0.0,0,0.0,0,0.0,0,0.0,0,0.0,0,0,0,0.0,0,0.0,0,0.0,0,0.0,0,0.0,-17.447976
